{"cameraMode":{"drawMode":0,"name":"Shaded","section":"Shading Mode"},"sceneLighting":false,"audioPlay":false,"sceneViewState":{"showFog":true,"showMaterialUpdate":false,"showSkybox":true,"showFlares":true,"showImageEffects":true,"showParticleSystems":true},"in2DMode":false,"pivot":{"x":39.954498291015628,"y":20.186540603637697,"z":-450.6650695800781},"rotation":{"x":-0.1436181217432022,"y":0.05103820562362671,"z":-0.007416971959173679,"w":-0.988288402557373},"size":9.936223030090332,"orthographic":false}